first_name,last_name,email,password,username,user_type,profile_picture
Abigail,Abraham,AbigailAbraham@gmail.com,"ckjckjsdbchbsDSFW21""·",AbiAb,both,https://picsum.photos/id/1/200
Alexandra,Allan,AlexandraAllan@gmail.com,fwda·43243dfsf$%%&,AleAl,both,https://picsum.photos/id/2/200
Alison,Alsop,AlisonAlsop@gmail.com,fsdfddw·$·$45454ers,AliAl,both,https://picsum.photos/id/3/200
Amanda,Anderson,AmandaAnderson@gmail.com,veffds56645&&$&DFG,AmaAn,both,https://picsum.photos/id/4/200
Amelia,Arnold,AmeliaArnold@gmail.com,scsdcds·dfDD4wqe,AmeAr,both,https://picsum.photos/id/5/200
Amy,Avery,AmyAvery@gmail.com,"dscsqcasdRFGS··""!!",AmyAv,both,https://picsum.photos/id/6/200
Andrea,Bailey,AndreaBailey@gmail.com,sdfwcGSGFGH:;_^^*,AndBa,both,https://picsum.photos/id/7/200
Angela,Baker,AngelaBaker@gmail.com,fwecwce4546%&%FF,AngBa,both,https://picsum.photos/id/8/200
Anna,Ball,AnnaBall@gmail.com,"dwcwscdr3FESFrt555!""",AnnBa,both,https://picsum.photos/id/9/200
Anne,Bell,AnneBell@gmail.com,qfwcwfcwFGEDGR54%$,AnnBe,both,https://picsum.photos/id/10/200
Audrey,Berry,AudreyBerry@gmail.com,vswdgwbwth$·%tegGD,AudBe,both,https://picsum.photos/id/11/200
Ava,Black,AvaBlack@gmail.com,"sdassvr2""FS235G3445",AvaBl,both,https://picsum.photos/id/12/200
Bella,Blake,BellaBlake@gmail.com,"dsfwgerwgGGEGR$""·""$",BelBl,both,https://picsum.photos/id/13/200
Bernadette,Bond,BernadetteBond@gmail.com,"sfqfqsdffreGEWGEW$$""·",BerBo,both,https://picsum.photos/id/14/200
Carol,Bower,CarolBower@gmail.com,"fgWFWQFWEQ""·""·$G",CarBo,both,https://picsum.photos/id/15/200
Caroline,Brown,CarolineBrown@gmail.com,fergerg&/%/%&/rhRHR,CarBr,both,https://picsum.photos/id/16/200
Carolyn,Buckland,CarolynBuckland@gmail.com,dGHHRTHrthrth54··%%·$,CarBu,both,https://picsum.photos/id/17/200
Chloe,Burgess,ChloeBurgess@gmail.com,hHTtrhrthrt%&$H,ChlBu,both,https://picsum.photos/id/18/200
Claire,Butler,ClaireButler@gmail.com,gwERTEQFFG345$·%,ClaBu,both,https://picsum.photos/id/19/200
Deirdre,Cameron,DeirdreCameron@gmail.com,erwgrtOIH7(/&g,DeiCa,both,https://picsum.photos/id/20/200
Diana,Campbell,DianaCampbell@gmail.com,JGHJhjfhjfhgf6546,DiaCa,both,https://picsum.photos/id/21/200
Diane,Carr,DianeCarr@gmail.com,KJKLHHhgjg765,DiaCa,both,https://picsum.photos/id/22/200
Donna,Chapman,DonnaChapman@gmail.com,hjgkjgjbjhb/)79kjcscb,DonCh,both,https://picsum.photos/id/23/200
Dorothy,Churchill,DorothyChurchill@gmail.com,kvjnf-u(=)UU´kncjknc,DorCh,both,https://picsum.photos/id/24/200
Elizabeth,Clark,ElizabethClark@gmail.com,jfkekjvn-kscn()(-hFSD,EliCl,both,https://picsum.photos/id/25/200
Ella,Clarkson,EllaClarkson@gmail.com,"dsqfcrfciernifu$$""",EllCl,both,https://picsum.photos/id/26/200
Emily,Coleman,EmilyColeman@gmail.com,"cpowjclks·""=)·$()(",EmiCo,both,https://picsum.photos/id/27/200
Emma,Cornish,EmmaCornish@gmail.com,fdiuoerclkjb.23·!!·DDSA,EmmCo,both,https://picsum.photos/id/28/200
Faith,Davidson,FaithDavidson@gmail.com,dewjkfdkjb348asfdq1,FaiDa,both,https://picsum.photos/id/29/200
Felicity,Davies,FelicityDavies@gmail.com,"sdflkjhdekljhkj23lkh""·!·FSDCC",FelDa,both,https://picsum.photos/id/30/200
Fiona,Dickens,FionaDickens@gmail.com,"wfwedQ""·""!·CSDFER",FioDi,both,https://picsum.photos/id/31/200
Gabrielle,Dowd,GabrielleDowd@gmail.com,"fqfcwe·""·""EQWD""··""",GabDo,both,https://picsum.photos/id/32/200
Grace,Duncan,GraceDuncan@gmail.com,"sdvedq""·FOK",GraDu,both,https://picsum.photos/id/33/200
Hannah,Dyer,HannahDyer@gmail.com,"fñlkefjn.kdsjn3u93""·WS",HanDy,both,https://picsum.photos/id/34/200
Heather,Edmunds,HeatherEdmunds@gmail.com,"dwedqw""·""!·FFRF",HeaEd,both,https://picsum.photos/id/35/200
Irene,Ellison,IreneEllison@gmail.com,"dadEQW·!""",IreEl,both,https://picsum.photos/id/36/200
Jan,Ferguson,JanFerguson@gmail.com,"ckjckjsdbchbsDSFW21""·",JanFe,both,https://picsum.photos/id/37/200
Jane,Fisher,JaneFisher@gmail.com,fwda·43243dfsf$%%&,JanFi,both,https://picsum.photos/id/38/200
Jasmine,Forsyth,JasmineForsyth@gmail.com,fsdfddw·$·$45454ers,JasFo,both,https://picsum.photos/id/39/200
Jennifer,Fraser,JenniferFraser@gmail.com,veffds56645&&$&DFG,JenFr,both,https://picsum.photos/id/40/200
Jessica,Gibson,JessicaGibson@gmail.com,scsdcds·dfDD4wqe,JesGi,both,https://picsum.photos/id/41/200
Joan,Gill,JoanGill@gmail.com,"dscsqcasdRFGS··""!!",JoaGi,both,https://picsum.photos/id/42/200
Joanne,Glover,JoanneGlover@gmail.com,sdfwcGSGFGH:;_^^*,JoaGl,both,https://picsum.photos/id/43/200
Julia,Graham,JuliaGraham@gmail.com,fwecwce4546%&%FF,JulGr,both,https://picsum.photos/id/44/200
Karen,Grant,KarenGrant@gmail.com,"dwcwscdr3FESFrt555!""",KarGr,both,https://picsum.photos/id/45/200
Katherine,Gray,KatherineGray@gmail.com,qfwcwfcwFGEDGR54%$,KatGr,both,https://picsum.photos/id/46/200
Kimberly,Greene,KimberlyGreene@gmail.com,vswdgwbwth$·%tegGD,KimGr,both,https://picsum.photos/id/47/200
Kylie,Hamilton,KylieHamilton@gmail.com,"sdassvr2""FS235G3445",KylHa,both,https://picsum.photos/id/48/200
Lauren,Hardacre,LaurenHardacre@gmail.com,"dsfwgerwgGGEGR$""·""$",LauHa,both,https://picsum.photos/id/49/200
Leah,Harris,LeahHarris@gmail.com,"sfqfqsdffreGEWGEW$$""·",LeaHa,both,https://picsum.photos/id/50/200
Lillian,Hart,LillianHart@gmail.com,"fgWFWQFWEQ""·""·$G",LilHa,both,https://picsum.photos/id/51/200
Lily,Hemmings,LilyHemmings@gmail.com,fergerg&/%/%&/rhRHR,LilHe,both,https://picsum.photos/id/52/200
Lisa,Henderson,LisaHenderson@gmail.com,dGHHRTHrthrth54··%%·$,LisHe,both,https://picsum.photos/id/53/200
Madeleine,Hill,MadeleineHill@gmail.com,hHTtrhrthrt%&$H,MadHi,both,https://picsum.photos/id/54/200
Maria,Hodges,MariaHodges@gmail.com,gwERTEQFFG345$·%,MarHo,both,https://picsum.photos/id/55/200
Mary,Howard,MaryHoward@gmail.com,erwgrtOIH7(/&g,MarHo,both,https://picsum.photos/id/56/200
Megan,Hudson,MeganHudson@gmail.com,JGHJhjfhjfhgf6546,MegHu,both,https://picsum.photos/id/57/200
Melanie,Hughes,MelanieHughes@gmail.com,KJKLHHhgjg765,MelHu,both,https://picsum.photos/id/58/200
Michelle,Hunter,MichelleHunter@gmail.com,hjgkjgjbjhb/)79kjcscb,MicHu,both,https://picsum.photos/id/59/200
Molly,Ince,MollyInce@gmail.com,kvjnf-u(=)UU´kncjknc,MolIn,both,https://picsum.photos/id/60/200
Natalie,Jackson,NatalieJackson@gmail.com,jfkekjvn-kscn()(-hFSD,NatJa,both,https://picsum.photos/id/61/200
Nicola,James,NicolaJames@gmail.com,"dsqfcrfciernifu$$""",NicJa,both,https://picsum.photos/id/62/200
Olivia,Johnston,OliviaJohnston@gmail.com,"cpowjclks·""=)·$()(",OliJo,both,https://picsum.photos/id/63/200
Penelope,Jones,PenelopeJones@gmail.com,fdiuoerclkjb.23·!!·DDSA,PenJo,both,https://picsum.photos/id/64/200
Pippa,Kelly,PippaKelly@gmail.com,dewjkfdkjb348asfdq1,PipKe,both,https://picsum.photos/id/65/200
Rachel,Kerr,RachelKerr@gmail.com,"sdflkjhdekljhkj23lkh""·!·FSDCC",RacKe,both,https://picsum.photos/id/66/200
Rebecca,King,RebeccaKing@gmail.com,"wfwedQ""·""!·CSDFER",RebKi,both,https://picsum.photos/id/67/200
Rose,Knox,RoseKnox@gmail.com,"fqfcwe·""·""EQWD""··""",RosKn,both,https://picsum.photos/id/68/200
Ruth,Lambert,RuthLambert@gmail.com,"sdvedq""·FOK",RutLa,both,https://picsum.photos/id/69/200
Sally,Langdon,SallyLangdon@gmail.com,"fñlkefjn.kdsjn3u93""·WS",SalLa,lender,https://picsum.photos/id/70/200
Samantha,Lawrence,SamanthaLawrence@gmail.com,"dwedqw""·""!·FFRF",SamLa,renter,https://picsum.photos/id/71/200
Sarah,Lee,SarahLee@gmail.com,"dadEQW·!""",SarLe,both,https://picsum.photos/id/72/200
Sonia,Lewis,SoniaLewis@gmail.com,"ckjckjsdbchbsDSFW21""·",SonLe,lender,https://picsum.photos/id/73/200
Sophie,Lyman,SophieLyman@gmail.com,fwda·43243dfsf$%%&,SopLy,renter,https://picsum.photos/id/74/200
Stephanie,MacDonald,StephanieMacDonald@gmail.com,fsdfddw·$·$45454ers,SteMa,both,https://picsum.photos/id/75/200
Sue,Mackay,SueMackay@gmail.com,veffds56645&&$&DFG,SueMa,lender,https://picsum.photos/id/76/200
Theresa,Mackenzie,TheresaMackenzie@gmail.com,scsdcds·dfDD4wqe,TheMa,renter,https://picsum.photos/id/77/200
Tracey,MacLeod,TraceyMacLeod@gmail.com,"dscsqcasdRFGS··""!!",TraMa,both,https://picsum.photos/id/78/200
Una,Manning,UnaManning@gmail.com,sdfwcGSGFGH:;_^^*,UnaMa,lender,https://picsum.photos/id/79/200
Vanessa,Marshall,VanessaMarshall@gmail.com,fwecwce4546%&%FF,VanMa,renter,https://picsum.photos/id/80/200
Victoria,Martin,VictoriaMartin@gmail.com,"dwcwscdr3FESFrt555!""",VicMa,both,https://picsum.photos/id/81/200
Virginia,Mathis,VirginiaMathis@gmail.com,qfwcwfcwFGEDGR54%$,VirMa,lender,https://picsum.photos/id/82/200
Wanda,May,WandaMay@gmail.com,vswdgwbwth$·%tegGD,WanMa,renter,https://picsum.photos/id/83/200
Wendy,McDonald,WendyMcDonald@gmail.com,"sdassvr2""FS235G3445",WenMc,both,https://picsum.photos/id/84/200
Yvonne,McLean,YvonneMcLean@gmail.com,"dsfwgerwgGGEGR$""·""$",YvoMc,lender,https://picsum.photos/id/85/200
Zoe,McGrath,ZoeMcGrath@gmail.com,"sfqfqsdffreGEWGEW$$""·",ZoeMc,renter,https://picsum.photos/id/87/200
Adam,Metcalfe,AdamMetcalfe@gmail.com,"fgWFWQFWEQ""·""·$G",AdaMe,both,https://picsum.photos/id/87/200
Adrian,Miller,AdrianMiller@gmail.com,fergerg&/%/%&/rhRHR,AdrMi,lender,https://picsum.photos/id/88/200
Alan,Mills,AlanMills@gmail.com,dGHHRTHrthrth54··%%·$,AlaMi,renter,https://picsum.photos/id/89/200
Alexander,Mitchell,AlexanderMitchell@gmail.com,hHTtrhrthrt%&$H,AleMi,both,https://picsum.photos/id/90/200
Andrew,Morgan,AndrewMorgan@gmail.com,gwERTEQFFG345$·%,AndMo,lender,https://picsum.photos/id/91/200
Anthony,Morrison,AnthonyMorrison@gmail.com,erwgrtOIH7(/&g,AntMo,renter,https://picsum.photos/id/92/200
Austin,Murray,AustinMurray@gmail.com,JGHJhjfhjfhgf6546,AusMu,both,https://picsum.photos/id/93/200
Benjamin,Nash,BenjaminNash@gmail.com,KJKLHHhgjg765,BenNa,lender,https://picsum.photos/id/94/200
Blake,Newman,BlakeNewman@gmail.com,hjgkjgjbjhb/)79kjcscb,BlaNe,renter,https://picsum.photos/id/1/200
Boris,Nolan,BorisNolan@gmail.com,kvjnf-u(=)UU´kncjknc,BorNo,both,https://picsum.photos/id/2/200
Brandon,North,BrandonNorth@gmail.com,jfkekjvn-kscn()(-hFSD,BraNo,lender,https://picsum.photos/id/3/200
Brian,Ogden,BrianOgden@gmail.com,"dsqfcrfciernifu$$""",BriOg,renter,https://picsum.photos/id/4/200
Cameron,Oliver,CameronOliver@gmail.com,"cpowjclks·""=)·$()(",CamOl,both,https://picsum.photos/id/5/200
Carl,Paige,CarlPaige@gmail.com,fdiuoerclkjb.23·!!·DDSA,CarPa,both,https://picsum.photos/id/6/200
Charles,Parr,CharlesParr@gmail.com,dewjkfdkjb348asfdq1,ChaPa,both,https://picsum.photos/id/7/200
Christian,Parsons,ChristianParsons@gmail.com,"sdflkjhdekljhkj23lkh""·!·FSDCC",ChrPa,both,https://picsum.photos/id/8/200
Christopher,Paterson,ChristopherPaterson@gmail.com,"wfwedQ""·""!·CSDFER",ChrPa,both,https://picsum.photos/id/9/200
Colin,Payne,ColinPayne@gmail.com,"fqfcwe·""·""EQWD""··""",ColPa,both,https://picsum.photos/id/10/200
Connor,Peake,ConnorPeake@gmail.com,"sdvedq""·FOK",ConPe,both,https://picsum.photos/id/11/200
Dan,Peters,DanPeters@gmail.com,"fñlkefjn.kdsjn3u93""·WS",DanPe,both,https://picsum.photos/id/12/200
David,Piper,DavidPiper@gmail.com,"dwedqw""·""!·FFRF",DavPi,both,https://picsum.photos/id/13/200
Dominic,Poole,DominicPoole@gmail.com,"dadEQW·!""",DomPo,both,https://picsum.photos/id/14/200
Dylan,Powell,DylanPowell@gmail.com,"ckjckjsdbchbsDSFW21""·",DylPo,both,https://picsum.photos/id/15/200
Edward,Pullman,EdwardPullman@gmail.com,fwda·43243dfsf$%%&,EdwPu,both,https://picsum.photos/id/16/200
Eric,Quinn,EricQuinn@gmail.com,fsdfddw·$·$45454ers,EriQu,both,https://picsum.photos/id/17/200
Evan,Rampling,EvanRampling@gmail.com,veffds56645&&$&DFG,EvaRa,both,https://picsum.photos/id/18/200
Frank,Randall,FrankRandall@gmail.com,scsdcds·dfDD4wqe,FraRa,both,https://picsum.photos/id/19/200
Gavin,Rees,GavinRees@gmail.com,"dscsqcasdRFGS··""!!",GavRe,both,https://picsum.photos/id/20/200
Gordon,Reid,GordonReid@gmail.com,sdfwcGSGFGH:;_^^*,GorRe,both,https://picsum.photos/id/21/200
Harry,Roberts,HarryRoberts@gmail.com,fwecwce4546%&%FF,HarRo,both,https://picsum.photos/id/22/200
Ian,Robertson,IanRobertson@gmail.com,"dwcwscdr3FESFrt555!""",IanRo,both,https://picsum.photos/id/23/200
Isaac,Ross,IsaacRoss@gmail.com,qfwcwfcwFGEDGR54%$,IsaRo,both,https://picsum.photos/id/24/200
Jack,Russell,JackRussell@gmail.com,vswdgwbwth$·%tegGD,JacRu,both,https://picsum.photos/id/25/200
Jacob,Rutherford,JacobRutherford@gmail.com,"sdassvr2""FS235G3445",JacRu,both,https://picsum.photos/id/26/200
Jake,Sanderson,JakeSanderson@gmail.com,"dsfwgerwgGGEGR$""·""$",JakSa,both,https://picsum.photos/id/27/200
James,Scott,JamesScott@gmail.com,"sfqfqsdffreGEWGEW$$""·",JamSc,both,https://picsum.photos/id/28/200
Jason,Sharp,JasonSharp@gmail.com,"fgWFWQFWEQ""·""·$G",JasSh,both,https://picsum.photos/id/29/200
Joe,Short,JoeShort@gmail.com,fergerg&/%/%&/rhRHR,JoeSh,both,https://picsum.photos/id/30/200
John,Simpson,JohnSimpson@gmail.com,dGHHRTHrthrth54··%%·$,JohSi,both,https://picsum.photos/id/31/200
Jonathan,Skinner,JonathanSkinner@gmail.com,hHTtrhrthrt%&$H,JonSk,both,https://picsum.photos/id/32/200
Joseph,Slater,JosephSlater@gmail.com,gwERTEQFFG345$·%,JosSl,both,https://picsum.photos/id/33/200
Joshua,Smith,JoshuaSmith@gmail.com,erwgrtOIH7(/&g,JosSm,both,https://picsum.photos/id/34/200
Julian,Springer,JulianSpringer@gmail.com,JGHJhjfhjfhgf6546,JulSp,both,https://picsum.photos/id/35/200
Justin,Stewart,JustinStewart@gmail.com,KJKLHHhgjg765,JusSt,both,https://picsum.photos/id/36/200
Keith,Sutherland,KeithSutherland@gmail.com,hjgkjgjbjhb/)79kjcscb,KeiSu,both,https://picsum.photos/id/37/200
Kevin,Taylor,KevinTaylor@gmail.com,kvjnf-u(=)UU´kncjknc,KevTa,both,https://picsum.photos/id/38/200
Leonard,Terry,LeonardTerry@gmail.com,jfkekjvn-kscn()(-hFSD,LeoTe,both,https://picsum.photos/id/39/200
Liam,Thomson,LiamThomson@gmail.com,"dsqfcrfciernifu$$""",LiaTh,both,https://picsum.photos/id/40/200
Lucas,Tucker,LucasTucker@gmail.com,"cpowjclks·""=)·$()(",LucTu,both,https://picsum.photos/id/41/200
Luke,Turner,LukeTurner@gmail.com,fdiuoerclkjb.23·!!·DDSA,LukTu,both,https://picsum.photos/id/42/200
Matt,Underwood,MattUnderwood@gmail.com,dewjkfdkjb348asfdq1,MatUn,both,https://picsum.photos/id/43/200
Max,Vance,MaxVance@gmail.com,"sdflkjhdekljhkj23lkh""·!·FSDCC",MaxVa,both,https://picsum.photos/id/44/200
Michael,Vaughan,MichaelVaughan@gmail.com,"wfwedQ""·""!·CSDFER",MicVa,both,https://picsum.photos/id/45/200
Nathan,Walker,NathanWalker@gmail.com,"fqfcwe·""·""EQWD""··""",NatWa,both,https://picsum.photos/id/46/200
Neil,Wallace,NeilWallace@gmail.com,"sdvedq""·FOK",NeiWa,both,https://picsum.photos/id/47/200
Nicholas,Walsh,NicholasWalsh@gmail.com,"fñlkefjn.kdsjn3u93""·WS",NicWa,both,https://picsum.photos/id/48/200
Oliver,Watson,OliverWatson@gmail.com,"dwedqw""·""!·FFRF",OliWa,both,https://picsum.photos/id/49/200
Owen,Welch,OwenWelch@gmail.com,"dadEQW·!""",OweWe,both,https://picsum.photos/id/50/200
Paul,White,PaulWhite@gmail.com,"ckjckjsdbchbsDSFW21""·",PauWh,both,https://picsum.photos/id/51/200
Peter,Wilkins,PeterWilkins@gmail.com,fwda·43243dfsf$%%&,PetWi,both,https://picsum.photos/id/52/200
Phil,Wilson,PhilWilson@gmail.com,fsdfddw·$·$45454ers,PhiWi,both,https://picsum.photos/id/53/200
Piers,Wright,PiersWright@gmail.com,veffds56645&&$&DFG,PieWr,both,https://picsum.photos/id/54/200
Richard,Young,RichardYoung@gmail.com,scsdcds·dfDD4wqe,RicYo,both,https://picsum.photos/id/55/200
Robert,Zoe,RobertZoe@gmail.com,"dscsqcasdRFGS··""!!",RobZo,both,https://picsum.photos/id/56/200
Ryan,Adam,RyanAdam@gmail.com,sdfwcGSGFGH:;_^^*,RyaAd,both,https://picsum.photos/id/57/200
Sam,Adrian,SamAdrian@gmail.com,fwecwce4546%&%FF,SamAd,both,https://picsum.photos/id/58/200
Sean,Alan,SeanAlan@gmail.com,"dwcwscdr3FESFrt555!""",SeaAl,both,https://picsum.photos/id/59/200
Sebastian,Alexander,SebastianAlexander@gmail.com,qfwcwfcwFGEDGR54%$,SebAl,both,https://picsum.photos/id/60/200
Simon,Andrew,SimonAndrew@gmail.com,vswdgwbwth$·%tegGD,SimAn,both,https://picsum.photos/id/61/200
Stephen,Anthony,StephenAnthony@gmail.com,"sdassvr2""FS235G3445",SteAn,both,https://picsum.photos/id/62/200
Steven,Austin,StevenAustin@gmail.com,"dsfwgerwgGGEGR$""·""$",SteAu,both,https://picsum.photos/id/63/200
Stewart,Benjamin,StewartBenjamin@gmail.com,"sfqfqsdffreGEWGEW$$""·",SteBe,both,https://picsum.photos/id/64/200
Thomas,Blake,ThomasBlake@gmail.com,"fgWFWQFWEQ""·""·$G",ThoBl,both,https://picsum.photos/id/65/200
Tim,Boris,TimBoris@gmail.com,fergerg&/%/%&/rhRHR,TimBo,both,https://picsum.photos/id/66/200
Trevor,Brandon,TrevorBrandon@gmail.com,dGHHRTHrthrth54··%%·$,TreBr,both,https://picsum.photos/id/67/200
Victor,Brian,VictorBrian@gmail.com,hHTtrhrthrt%&$H,VicBr,both,https://picsum.photos/id/68/200
Warren,Cameron,WarrenCameron@gmail.com,gwERTEQFFG345$·%,WarCa,both,https://picsum.photos/id/69/200
William,Carl,WilliamCarl@gmail.com,erwgrtOIH7(/&g,WilCa,both,https://picsum.photos/id/70/200
Molly,Charles,MollyCharles@gmail.com,JGHJhjfhjfhgf6546,MolCh,both,https://picsum.photos/id/71/200
Oliver,Christian,OliverChristian@gmail.com,KJKLHHhgjg765,OliCh,both,https://picsum.photos/id/72/200
Boris,Christopher,BorisChristopher@gmail.com,hjgkjgjbjhb/)79kjcscb,BorCh,both,https://picsum.photos/id/73/200
Zoe,Colin,ZoeColin@gmail.com,kvjnf-u(=)UU´kncjknc,ZoeCo,both,https://picsum.photos/id/74/200
Sam,Connor,SamConnor@gmail.com,jfkekjvn-kscn()(-hFSD,SamCo,both,https://picsum.photos/id/75/200
Gordon,Dan,GordonDan@gmail.com,"dsqfcrfciernifu$$""",GorDa,both,https://picsum.photos/id/76/200
Trevor,David,TrevorDavid@gmail.com,"cpowjclks·""=)·$()(",TreDa,both,https://picsum.photos/id/77/200
Natalie,Dominic,NatalieDominic@gmail.com,fdiuoerclkjb.23·!!·DDSA,NatDo,both,https://picsum.photos/id/78/200
Lucas,Dylan,LucasDylan@gmail.com,dewjkfdkjb348asfdq1,LucDy,both,https://picsum.photos/id/79/200
Yvonne,Edward,YvonneEdward@gmail.com,"sdflkjhdekljhkj23lkh""·!·FSDCC",YvoEd,both,https://picsum.photos/id/80/200
Warren,Eric,WarrenEric@gmail.com,"wfwedQ""·""!·CSDFER",WarEr,both,https://picsum.photos/id/81/200
Charles,Evan,CharlesEvan@gmail.com,"fqfcwe·""·""EQWD""··""",ChaEv,both,https://picsum.photos/id/82/200
Adrian,Frank,AdrianFrank@gmail.com,"sdvedq""·FOK",AdrFr,both,https://picsum.photos/id/83/200
James,Gavin,JamesGavin@gmail.com,"fñlkefjn.kdsjn3u93""·WS",JamGa,both,https://picsum.photos/id/84/200
Emma,Burgess,EmmaBurgess@gmail.com,"dwedqw""·""!·FFRF",EmmBu,both,https://picsum.photos/id/85/200
Pippa,Payne,PippaPayne@gmail.com,"dadEQW·!""",PipPa,both,https://picsum.photos/id/87/200
Cameron,Scott,CameronScott@gmail.com,"ckjckjsdbchbsDSFW21""·",CamSc,both,https://picsum.photos/id/87/200
Ryan,Butler,RyanButler@gmail.com,fwda·43243dfsf$%%&,RyaBu,both,https://picsum.photos/id/88/200
Gavin,Sanderson,GavinSanderson@gmail.com,fsdfddw·$·$45454ers,GavSa,both,https://picsum.photos/id/89/200
Joshua,Davies,JoshuaDavies@gmail.com,veffds56645&&$&DFG,JosDa,both,https://picsum.photos/id/90/200
Alison,Burgess,AlisonBurgess@gmail.com,scsdcds·dfDD4wqe,AliBu,both,https://picsum.photos/id/91/200
John,Black,JohnBlack@gmail.com,"dscsqcasdRFGS··""!!",JohBl,both,https://picsum.photos/id/92/200
Abigail,Butler,AbigailButler@gmail.com,sdfwcGSGFGH:;_^^*,AbiBu,both,https://picsum.photos/id/93/200
Sean,Butler,SeanButler@gmail.com,fwecwce4546%&%FF,SeaBu,both,https://picsum.photos/id/1/200
John,Stewart,JohnStewart@gmail.com,"dwcwscdr3FESFrt555!""",JohSt,both,https://picsum.photos/id/2/200
Liam,Mills,LiamMills@gmail.com,qfwcwfcwFGEDGR54%$,LiaMi,both,https://picsum.photos/id/3/200
Jane,Jackson,JaneJackson@gmail.com,vswdgwbwth$·%tegGD,JanJa,both,https://picsum.photos/id/4/200
Molly,Butler,MollyButler@gmail.com,"sdassvr2""FS235G3445",MolBu,both,https://picsum.photos/id/5/200
Julia,Wilson,JuliaWilson@gmail.com,"dsfwgerwgGGEGR$""·""$",JulWi,both,https://picsum.photos/id/6/200
Rose,Murray,RoseMurray@gmail.com,"sfqfqsdffreGEWGEW$$""·",RosMu,both,https://picsum.photos/id/7/200
Ryan,Wright,RyanWright@gmail.com,"fgWFWQFWEQ""·""·$G",RyaWr,both,https://picsum.photos/id/8/200
Leah,Hart,LeahHart@gmail.com,fergerg&/%/%&/rhRHR,LeaHa,both,https://picsum.photos/id/9/200
Leonard,Smith,LeonardSmith@gmail.com,dGHHRTHrthrth54··%%·$,LeoSm,both,https://picsum.photos/id/10/200
William,Hamilton,WilliamHamilton@gmail.com,hHTtrhrthrt%&$H,WilHa,both,https://picsum.photos/id/11/200
Kimberly,Lee,KimberlyLee@gmail.com,gwERTEQFFG345$·%,KimLe,both,https://picsum.photos/id/12/200
Katherine,James,KatherineJames@gmail.com,erwgrtOIH7(/&g,KatJa,both,https://picsum.photos/id/13/200
Lisa,Rees,LisaRees@gmail.com,JGHJhjfhjfhgf6546,LisRe,both,https://picsum.photos/id/14/200
Penelope,Oliver,PenelopeOliver@gmail.com,KJKLHHhgjg765,PenOl,both,https://picsum.photos/id/15/200
Jennifer,Greene,JenniferGreene@gmail.com,hjgkjgjbjhb/)79kjcscb,JenGr,both,https://picsum.photos/id/16/200
Jennifer,Parsons,JenniferParsons@gmail.com,kvjnf-u(=)UU´kncjknc,JenPa,both,https://picsum.photos/id/17/200
Molly,Mathis,MollyMathis@gmail.com,jfkekjvn-kscn()(-hFSD,MolMa,both,https://picsum.photos/id/18/200
Joe,Gray,JoeGray@gmail.com,"dsqfcrfciernifu$$""",JoeGr,both,https://picsum.photos/id/19/200
Lucas,Mathis,LucasMathis@gmail.com,"cpowjclks·""=)·$()(",LucMa,both,https://picsum.photos/id/20/200
Lucas,Peters,LucasPeters@gmail.com,fdiuoerclkjb.23·!!·DDSA,LucPe,both,https://picsum.photos/id/21/200
Jonathan,Mathis,JonathanMathis@gmail.com,dewjkfdkjb348asfdq1,JonMa,both,https://picsum.photos/id/22/200
Faith,Peake,FaithPeake@gmail.com,"sdflkjhdekljhkj23lkh""·!·FSDCC",FaiPe,both,https://picsum.photos/id/23/200
Alan,Thomson,AlanThomson@gmail.com,"wfwedQ""·""!·CSDFER",AlaTh,both,https://picsum.photos/id/24/200
Joe,Wilkins,JoeWilkins@gmail.com,"fqfcwe·""·""EQWD""··""",JoeWi,both,https://picsum.photos/id/25/200
Paul,Reid,PaulReid@gmail.com,"sdvedq""·FOK",PauRe,both,https://picsum.photos/id/26/200
Stewart,Kerr,StewartKerr@gmail.com,"fñlkefjn.kdsjn3u93""·WS",SteKe,both,https://picsum.photos/id/27/200
Ruth,Bell,RuthBell@gmail.com,"dwedqw""·""!·FFRF",RutBe,both,https://picsum.photos/id/28/200
Oliver,Underwood,OliverUnderwood@gmail.com,"dadEQW·!""",OliUn,both,https://picsum.photos/id/29/200
Sebastian,Glover,SebastianGlover@gmail.com,"ckjckjsdbchbsDSFW21""·",SebGl,both,https://picsum.photos/id/30/200
Lisa,Terry,LisaTerry@gmail.com,fwda·43243dfsf$%%&,LisTe,both,https://picsum.photos/id/31/200
John,Ferguson,JohnFerguson@gmail.com,fsdfddw·$·$45454ers,JohFe,both,https://picsum.photos/id/32/200
Leah,Bond,LeahBond@gmail.com,veffds56645&&$&DFG,LeaBo,both,https://picsum.photos/id/33/200
Alan,Wallace,AlanWallace@gmail.com,scsdcds·dfDD4wqe,AlaWa,both,https://picsum.photos/id/34/200
Thomas,Alsop,ThomasAlsop@gmail.com,"dscsqcasdRFGS··""!!",ThoAl,both,https://picsum.photos/id/35/200
Piers,Welch,PiersWelch@gmail.com,sdfwcGSGFGH:;_^^*,PieWe,both,https://picsum.photos/id/36/200
Faith,Piper,FaithPiper@gmail.com,fwecwce4546%&%FF,FaiPi,both,https://picsum.photos/id/37/200
Heather,Ferguson,HeatherFerguson@gmail.com,"dwcwscdr3FESFrt555!""",HeaFe,both,https://picsum.photos/id/38/200
Christopher,MacLeod,ChristopherMacLeod@gmail.com,qfwcwfcwFGEDGR54%$,ChrMa,both,https://picsum.photos/id/39/200
Diane,Berry,DianeBerry@gmail.com,vswdgwbwth$·%tegGD,DiaBe,both,https://picsum.photos/id/40/200
Ava,Hughes,AvaHughes@gmail.com,"sdassvr2""FS235G3445",AvaHu,both,https://picsum.photos/id/41/200
Lauren,McDonald,LaurenMcDonald@gmail.com,"dsfwgerwgGGEGR$""·""$",LauMc,both,https://picsum.photos/id/42/200
Joshua,Davidson,JoshuaDavidson@gmail.com,"sfqfqsdffreGEWGEW$$""·",JosDa,lender,https://picsum.photos/id/43/200
John,Brown,JohnBrown@gmail.com,"fgWFWQFWEQ""·""·$G",JohBr,renter,https://picsum.photos/id/44/200
Anna,Baker,AnnaBaker@gmail.com,fergerg&/%/%&/rhRHR,AnnBa,both,https://picsum.photos/id/45/200
Emily,MacLeod,EmilyMacLeod@gmail.com,dGHHRTHrthrth54··%%·$,EmiMa,lender,https://picsum.photos/id/46/200
Stephanie,Mackenzie,StephanieMackenzie@gmail.com,hHTtrhrthrt%&$H,SteMa,renter,https://picsum.photos/id/47/200
Julian,Robertson,JulianRobertson@gmail.com,gwERTEQFFG345$·%,JulRo,both,https://picsum.photos/id/48/200
Julia,Fisher,JuliaFisher@gmail.com,erwgrtOIH7(/&g,JulFi,lender,https://picsum.photos/id/49/200
Lucas,Payne,LucasPayne@gmail.com,JGHJhjfhjfhgf6546,LucPa,renter,https://picsum.photos/id/50/200
Joshua,Manning,JoshuaManning@gmail.com,KJKLHHhgjg765,JosMa,both,https://picsum.photos/id/51/200
Jane,Sharp,JaneSharp@gmail.com,hjgkjgjbjhb/)79kjcscb,JanSh,lender,https://picsum.photos/id/52/200
Irene,Murray,IreneMurray@gmail.com,kvjnf-u(=)UU´kncjknc,IreMu,renter,https://picsum.photos/id/53/200
Sam,Manning,SamManning@gmail.com,jfkekjvn-kscn()(-hFSD,SamMa,both,https://picsum.photos/id/54/200
Sonia,Wallace,SoniaWallace@gmail.com,"dsqfcrfciernifu$$""",SonWa,lender,https://picsum.photos/id/55/200
Alexander,Wright,AlexanderWright@gmail.com,"cpowjclks·""=)·$()(",AleWr,renter,https://picsum.photos/id/56/200
Jason,Mills,JasonMills@gmail.com,fdiuoerclkjb.23·!!·DDSA,JasMi,both,https://picsum.photos/id/57/200
Diane,Lyman,DianeLyman@gmail.com,dewjkfdkjb348asfdq1,DiaLy,lender,https://picsum.photos/id/58/200
Amelia,Lewis,AmeliaLewis@gmail.com,"sdflkjhdekljhkj23lkh""·!·FSDCC",AmeLe,renter,https://picsum.photos/id/59/200
Donna,Hunter,DonnaHunter@gmail.com,"wfwedQ""·""!·CSDFER",DonHu,both,https://picsum.photos/id/60/200
Simon,Jackson,SimonJackson@gmail.com,"fqfcwe·""·""EQWD""··""",SimJa,lender,https://picsum.photos/id/61/200
Penelope,Manning,PenelopeManning@gmail.com,"sdvedq""·FOK",PenMa,renter,https://picsum.photos/id/62/200
Joseph,MacLeod,JosephMacLeod@gmail.com,"fñlkefjn.kdsjn3u93""·WS",JosMa,both,https://picsum.photos/id/63/200
Dylan,Anderson,DylanAnderson@gmail.com,"dwedqw""·""!·FFRF",DylAn,lender,https://picsum.photos/id/64/200
Phil,Hardacre,PhilHardacre@gmail.com,"dadEQW·!""",PhiHa,renter,https://picsum.photos/id/65/200
Rose,Paterson,RosePaterson@gmail.com,"ckjckjsdbchbsDSFW21""·",RosPa,both,https://picsum.photos/id/66/200
Benjamin,Turner,BenjaminTurner@gmail.com,fwda·43243dfsf$%%&,BenTu,lender,https://picsum.photos/id/67/200
Dylan,Mathis,DylanMathis@gmail.com,fsdfddw·$·$45454ers,DylMa,renter,https://picsum.photos/id/68/200
Paul,Cameron,PaulCameron@gmail.com,veffds56645&&$&DFG,PauCa,both,https://picsum.photos/id/69/200
Pippa,Bower,PippaBower@gmail.com,scsdcds·dfDD4wqe,PipBo,lender,https://picsum.photos/id/70/200
Sam,Brown,SamBrown@gmail.com,"dscsqcasdRFGS··""!!",SamBr,renter,https://picsum.photos/id/71/200
Deirdre,Hughes,DeirdreHughes@gmail.com,sdfwcGSGFGH:;_^^*,DeiHu,both,https://picsum.photos/id/72/200
Madeleine,Sutherland,MadeleineSutherland@gmail.com,fwecwce4546%&%FF,MadSu,lender,https://picsum.photos/id/73/200
Dylan,Bond,DylanBond@gmail.com,"dwcwscdr3FESFrt555!""",DylBo,renter,https://picsum.photos/id/74/200
Thomas,Manning,ThomasManning@gmail.com,qfwcwfcwFGEDGR54%$,ThoMa,both,https://picsum.photos/id/75/200
Victor,Wilkins,VictorWilkins@gmail.com,vswdgwbwth$·%tegGD,VicWi,lender,https://picsum.photos/id/76/200
Katherine,Scott,KatherineScott@gmail.com,"sdassvr2""FS235G3445",KatSc,renter,https://picsum.photos/id/77/200
Cameron,Nolan,CameronNolan@gmail.com,"dsfwgerwgGGEGR$""·""$",CamNo,both,https://picsum.photos/id/78/200
Sarah,Clarkson,SarahClarkson@gmail.com,"sfqfqsdffreGEWGEW$$""·",SarCl,lender,https://picsum.photos/id/79/200
Melanie,Hamilton,MelanieHamilton@gmail.com,"fgWFWQFWEQ""·""·$G",MelHa,renter,https://picsum.photos/id/80/200
Charles,Peake,CharlesPeake@gmail.com,fergerg&/%/%&/rhRHR,ChaPe,both,https://picsum.photos/id/81/200
Boris,Berry,BorisBerry@gmail.com,dGHHRTHrthrth54··%%·$,BorBe,renter,https://picsum.photos/id/82/200
Natalie,Lambert,NatalieLambert@gmail.com,hHTtrhrthrt%&$H,NatLa,both,https://picsum.photos/id/83/200
Grace,Sanderson,GraceSanderson@gmail.com,gwERTEQFFG345$·%,GraSa,lender,https://picsum.photos/id/84/200
Jacob,Duncan,JacobDuncan@gmail.com,erwgrtOIH7(/&g,JacDu,renter,https://picsum.photos/id/85/200
Donna,Tucker,DonnaTucker@gmail.com,JGHJhjfhjfhgf6546,DonTu,both,https://picsum.photos/id/87/200
Benjamin,Hill,BenjaminHill@gmail.com,KJKLHHhgjg765,BenHi,lender,https://picsum.photos/id/87/200
Sophie,Ferguson,SophieFerguson@gmail.com,hjgkjgjbjhb/)79kjcscb,SopFe,renter,https://picsum.photos/id/88/200
Alexander,Rees,AlexanderRees@gmail.com,kvjnf-u(=)UU´kncjknc,AleRe,both,https://picsum.photos/id/89/200
Hannah,Bower,HannahBower@gmail.com,jfkekjvn-kscn()(-hFSD,HanBo,lender,https://picsum.photos/id/90/200
Sean,Powell,SeanPowell@gmail.com,"dsqfcrfciernifu$$""",SeaPo,renter,https://picsum.photos/id/91/200
Olivia,Carr,OliviaCarr@gmail.com,"cpowjclks·""=)·$()(",OliCa,both,https://picsum.photos/id/92/200
Sally,Hudson,SallyHudson@gmail.com,fdiuoerclkjb.23·!!·DDSA,SalHu,lender,https://picsum.photos/id/93/200
Sebastian,Kerr,SebastianKerr@gmail.com,dewjkfdkjb348asfdq1,SebKe,renter,https://picsum.photos/id/94/200
Eric,Wallace,EricWallace@gmail.com,"sdflkjhdekljhkj23lkh""·!·FSDCC",EriWa,both,https://picsum.photos/id/95/200
Stephanie,Glover,StephanieGlover@gmail.com,"wfwedQ""·""!·CSDFER",SteGl,lender,https://picsum.photos/id/96/200
Phil,Avery,PhilAvery@gmail.com,"fqfcwe·""·""EQWD""··""",PhiAv,renter,https://picsum.photos/id/1/200
Joan,Dowd,JoanDowd@gmail.com,"sdvedq""·FOK",JoaDo,both,https://picsum.photos/id/2/200
Nathan,Quinn,NathanQuinn@gmail.com,"fñlkefjn.kdsjn3u93""·WS",NatQu,lender,https://picsum.photos/id/3/200
Stewart,MacLeod,StewartMacLeod@gmail.com,"dwedqw""·""!·FFRF",SteMa,renter,https://picsum.photos/id/4/200
Ruth,Bond,RuthBond@gmail.com,"dadEQW·!""",RutBo,both,https://picsum.photos/id/5/200
Rose,Campbell,RoseCampbell@gmail.com,"ckjckjsdbchbsDSFW21""·",RosCa,lender,https://picsum.photos/id/6/200
Pippa,Hart,PippaHart@gmail.com,fwda·43243dfsf$%%&,PipHa,renter,https://picsum.photos/id/7/200
Colin,Robertson,ColinRobertson@gmail.com,fsdfddw·$·$45454ers,ColRo,both,https://picsum.photos/id/8/200
Ian,Anderson,IanAnderson@gmail.com,veffds56645&&$&DFG,IanAn,lender,https://picsum.photos/id/9/200
Joseph,Marshall,JosephMarshall@gmail.com,scsdcds·dfDD4wqe,JosMa,renter,https://picsum.photos/id/10/200
Rose,Ross,RoseRoss@gmail.com,"dscsqcasdRFGS··""!!",RosRo,both,https://picsum.photos/id/11/200
Vanessa,Kelly,VanessaKelly@gmail.com,sdfwcGSGFGH:;_^^*,VanKe,lender,https://picsum.photos/id/12/200
Molly,Jones,MollyJones@gmail.com,fwecwce4546%&%FF,MolJo,renter,https://picsum.photos/id/13/200
Gabrielle,Pullman,GabriellePullman@gmail.com,"dwcwscdr3FESFrt555!""",GabPu,both,https://picsum.photos/id/14/200
Olivia,Mills,OliviaMills@gmail.com,qfwcwfcwFGEDGR54%$,OliMi,lender,https://picsum.photos/id/15/200
Edward,Roberts,EdwardRoberts@gmail.com,vswdgwbwth$·%tegGD,EdwRo,renter,https://picsum.photos/id/16/200
Sam,Edmunds,SamEdmunds@gmail.com,"sdassvr2""FS235G3445",SamEd,both,https://picsum.photos/id/17/200